[
{"id":1,"title":"Reading List","text":"Angular 5","state":"not-started","userId":"8010d8f4-d082-4911-be6e-712150b95e5f","createdOn":"2018-03-16T12:57:41.903Z","modifiedOn":"2018-03-17T06:03:45.732Z"}
,
{"id":2,"title":"ToDoList","text":"call Home","state":"not-started","userId":"8010d8f4-d082-4911-be6e-712150b95e5f","createdOn":"2018-07-16T12:57:41.903Z","modifiedOn":"2018-08-17T06:03:45.732Z"}
,
{"title":"check todo","text":"hello","id":3,"state":"not-started","userId":"8010d8f4-d082-4911-be6e-712150b95e5f","createdOn":"2018-04-16T12:57:41.903Z","modifiedOn":"2018-08-17T06:03:45.732Z"}
,
{"state":"started","createdOn":"2018-08-16T12:57:41.903Z","modifiedOn":"2018-08-17T06:03:45.732Z","id":"06a47750-a1e3-11e8-98cc-fd83f7a94cfe","title":"Bill Reminder","text":"EB bill","userId":"8010d8f4-d082-4911-be6e-712150b95e5f"}
]
